"HITId","HITTypeId","Title","Description","Keywords","Reward","CreationTime","MaxAssignments","RequesterAnnotation","AssignmentDurationInSeconds","AutoApprovalDelayInSeconds","Expiration","NumberOfSimilarHITs","LifetimeInSeconds","AssignmentId","WorkerId","AssignmentStatus","AcceptTime","SubmitTime","AutoApprovalTime","ApprovalTime","RejectionTime","RequesterFeedback","WorkTimeInSeconds","LifetimeApprovalRate","Last30DaysApprovalRate","Last7DaysApprovalRate","Answer.Country","Answer.Gender","Answer.Shoes","Answer.Shoes_comfortable","Approve","Reject"
"37VE3DA4YUHL2L750U0ON0Z29YOBHW","36AMNITQIKA1FOYJGQG383K4D9UIG8","Super quick survey (<1 min) about clothing","Just a few questions about clothing that you own","survey, clothing","$0.02","Mon Sep 10 11:22:28 PDT 2018","102","BatchId:3366939;OriginalHitTemplateId:920937332;","3600","259200","Mon Sep 17 13:04:34 PDT 2018","","","30JNVC0OR9KBTB7O9E2F69PPUSBQHB","A173XG3NZ7JPT7","Approved","Mon Sep 10 11:23:08 PDT 2018","Mon Sep 10 11:23:22 PDT 2018","Thu Sep 13 11:23:22 PDT 2018","Mon Sep 10 13:23:22 PDT 2018","","","14","100% (1/1)","100% (1/1)","100% (1/1)","usa","Female","30","8"
"37VE3DA4YUHL2L750U0ON0Z29YOBHW","36AMNITQIKA1FOYJGQG383K4D9UIG8","Super quick survey (<1 min) about clothing","Just a few questions about clothing that you own","survey, clothing","$0.02","Mon Sep 10 11:22:28 PDT 2018","102","BatchId:3366939;OriginalHitTemplateId:920937332;","3600","259200","Mon Sep 17 13:04:34 PDT 2018","","","31EUONYN2V3DQ0PSZQRFW5LYN64VOY","A15XX0WDRG29E7","Approved","Mon Sep 10 11:23:07 PDT 2018","Mon Sep 10 12:00:34 PDT 2018","Thu Sep 13 12:00:34 PDT 2018","Mon Sep 10 13:23:22 PDT 2018","","","2247","100% (1/1)","100% (1/1)","100% (1/1)","United States","Female","20","5"
"37VE3DA4YUHL2L750U0ON0Z29YOBHW","36AMNITQIKA1FOYJGQG383K4D9UIG8","Super quick survey (<1 min) about clothing","Just a few questions about clothing that you own","survey, clothing","$0.02","Mon Sep 10 11:22:28 PDT 2018","102","BatchId:3366939;OriginalHitTemplateId:920937332;","3600","259200","Mon Sep 17 13:04:34 PDT 2018","","","31Z0PCVWUKFRS2T4D9AYK1BI0WET7Q","A2RREI7Z5EVR2X","Approved","Mon Sep 10 11:24:25 PDT 2018","Mon Sep 10 11:24:57 PDT 2018","Thu Sep 13 11:24:57 PDT 2018","Mon Sep 10 13:23:22 PDT 2018","","","32","100% (1/1)","100% (1/1)","100% (1/1)","United States","Male","5","1"
"37VE3DA4YUHL2L750U0ON0Z29YOBHW","36AMNITQIKA1FOYJGQG383K4D9UIG8","Super quick survey (<1 min) about clothing","Just a few questions about clothing that you own","survey, clothing","$0.02","Mon Sep 10 11:22:28 PDT 2018","102","BatchId:3366939;OriginalHitTemplateId:920937332;","3600","259200","Mon Sep 17 13:04:34 PDT 2018","","","32EYX73OY09GAYS8MSYEUEOKKMGRUF","A3FWF8RSY9R2OA","Approved","Mon Sep 10 11:32:31 PDT 2018","Mon Sep 10 11:32:44 PDT 2018","Thu Sep 13 11:32:44 PDT 2018","Mon Sep 10 13:23:23 PDT 2018","","","13","100% (1/1)","100% (1/1)","100% (1/1)","USA","Female","20","5"
"37VE3DA4YUHL2L750U0ON0Z29YOBHW","36AMNITQIKA1FOYJGQG383K4D9UIG8","Super quick survey (<1 min) about clothing","Just a few questions about clothing that you own","survey, clothing","$0.02","Mon Sep 10 11:22:28 PDT 2018","102","BatchId:3366939;OriginalHitTemplateId:920937332;","3600","259200","Mon Sep 17 13:04:34 PDT 2018","","","32RIADZISS4TUFY6MB717KVM7BBS4H","A1UX8EOTJR3A6X","Approved","Mon Sep 10 11:33:47 PDT 2018","Mon Sep 10 11:35:36 PDT 2018","Thu Sep 13 11:35:36 PDT 2018","Mon Sep 10 13:23:23 PDT 2018","","","109","100% (1/1)","100% (1/1)","100% (1/1)","malaysia","Male","4","1"
"37VE3DA4YUHL2L750U0ON0Z29YOBHW","36AMNITQIKA1FOYJGQG383K4D9UIG8","Super quick survey (<1 min) about clothing","Just a few questions about clothing that you own","survey, clothing","$0.02","Mon Sep 10 11:22:28 PDT 2018","102","BatchId:3366939;OriginalHitTemplateId:920937332;","3600","259200","Mon Sep 17 13:04:34 PDT 2018","","","336KAV9KYQSGNNVSH3G2WRMP4IB2Y9","A27CEJDHPPL9WF","Approved","Mon Sep 10 11:24:36 PDT 2018","Mon Sep 10 11:24:57 PDT 2018","Thu Sep 13 11:24:57 PDT 2018","Mon Sep 10 13:23:23 PDT 2018","","","21","100% (1/1)","100% (1/1)","100% (1/1)","USA","Female","14","4"
"37VE3DA4YUHL2L750U0ON0Z29YOBHW","36AMNITQIKA1FOYJGQG383K4D9UIG8","Super quick survey (<1 min) about clothing","Just a few questions about clothing that you own","survey, clothing","$0.02","Mon Sep 10 11:22:28 PDT 2018","102","BatchId:3366939;OriginalHitTemplateId:920937332;","3600","259200","Mon Sep 17 13:04:34 PDT 2018","","","337RC3OW0525KFMVMYBN4OH4S1ZVLH","A90FR90GQLKMC","Approved","Mon Sep 10 11:22:46 PDT 2018","Mon Sep 10 11:23:05 PDT 2018","Thu Sep 13 11:23:05 PDT 2018","Mon Sep 10 13:23:23 PDT 2018","","","19","100% (1/1)","100% (1/1)","100% (1/1)","United States","Male","15","3"
"37VE3DA4YUHL2L750U0ON0Z29YOBHW","36AMNITQIKA1FOYJGQG383K4D9UIG8","Super quick survey (<1 min) about clothing","Just a few questions about clothing that you own","survey, clothing","$0.02","Mon Sep 10 11:22:28 PDT 2018","102","BatchId:3366939;OriginalHitTemplateId:920937332;","3600","259200","Mon Sep 17 13:04:34 PDT 2018","","","339ANSOTR52PE3KD2R03AZEVVZZIK5","AKZVMP0B5QHDC","Approved","Mon Sep 10 11:26:36 PDT 2018","Mon Sep 10 11:26:54 PDT 2018","Thu Sep 13 11:26:54 PDT 2018","Mon Sep 10 13:23:23 PDT 2018","","","18","100% (1/1)","100% (1/1)","100% (1/1)","United States","Female","10","1"
"37VE3DA4YUHL2L750U0ON0Z29YOBHW","36AMNITQIKA1FOYJGQG383K4D9UIG8","Super quick survey (<1 min) about clothing","Just a few questions about clothing that you own","survey, clothing","$0.02","Mon Sep 10 11:22:28 PDT 2018","102","BatchId:3366939;OriginalHitTemplateId:920937332;","3600","259200","Mon Sep 17 13:04:34 PDT 2018","","","33L7PJKHCGYVSGYNNE24Y17DBGKT8D","AX8WLDRDXA7P9","Approved","Mon Sep 10 11:24:28 PDT 2018","Mon Sep 10 11:24:39 PDT 2018","Thu Sep 13 11:24:39 PDT 2018","Mon Sep 10 13:23:23 PDT 2018","","","11","100% (1/1)","100% (1/1)","100% (1/1)","United States","Male","7","4"
"37VE3DA4YUHL2L750U0ON0Z29YOBHW","36AMNITQIKA1FOYJGQG383K4D9UIG8","Super quick survey (<1 min) about clothing","Just a few questions about clothing that you own","survey, clothing","$0.02","Mon Sep 10 11:22:28 PDT 2018","102","BatchId:3366939;OriginalHitTemplateId:920937332;","3600","259200","Mon Sep 17 13:04:34 PDT 2018","","","33LK57MYLT59XCMV74XR1G8V86DSZS","A1IJ56N5Z4TT46","Approved","Mon Sep 10 11:23:03 PDT 2018","Mon Sep 10 11:23:39 PDT 2018","Thu Sep 13 11:23:39 PDT 2018","Mon Sep 10 13:23:23 PDT 2018","","","36","100% (1/1)","100% (1/1)","100% (1/1)","USA","Male","10","2"
"37VE3DA4YUHL2L750U0ON0Z29YOBHW","36AMNITQIKA1FOYJGQG383K4D9UIG8","Super quick survey (<1 min) about clothing","Just a few questions about clothing that you own","survey, clothing","$0.02","Mon Sep 10 11:22:28 PDT 2018","102","BatchId:3366939;OriginalHitTemplateId:920937332;","3600","259200","Mon Sep 17 13:04:34 PDT 2018","","","33LKR6A5KEKDHGE2OTTPJRK5XAET1T","A8289AEOKHKV4","Approved","Mon Sep 10 11:23:43 PDT 2018","Mon Sep 10 11:24:03 PDT 2018","Thu Sep 13 11:24:03 PDT 2018","Mon Sep 10 13:23:23 PDT 2018","","","20","100% (1/1)","100% (1/1)","100% (1/1)","USA","Female","25","4"
"37VE3DA4YUHL2L750U0ON0Z29YOBHW","36AMNITQIKA1FOYJGQG383K4D9UIG8","Super quick survey (<1 min) about clothing","Just a few questions about clothing that you own","survey, clothing","$0.02","Mon Sep 10 11:22:28 PDT 2018","102","BatchId:3366939;OriginalHitTemplateId:920937332;","3600","259200","Mon Sep 17 13:04:34 PDT 2018","","","340UGXU9DY18359PVC3OVBDN5SSVUB","AEFNT0FKVRFB","Approved","Mon Sep 10 11:24:52 PDT 2018","Mon Sep 10 11:25:21 PDT 2018","Thu Sep 13 11:25:21 PDT 2018","Mon Sep 10 13:23:23 PDT 2018","","","29","100% (1/1)","100% (1/1)","100% (1/1)","United States","Female","25","10"
"37VE3DA4YUHL2L750U0ON0Z29YOBHW","36AMNITQIKA1FOYJGQG383K4D9UIG8","Super quick survey (<1 min) about clothing","Just a few questions about clothing that you own","survey, clothing","$0.02","Mon Sep 10 11:22:28 PDT 2018","102","BatchId:3366939;OriginalHitTemplateId:920937332;","3600","259200","Mon Sep 17 13:04:34 PDT 2018","","","345LHZDEDXSORW76B2XICGL4E80U3E","A1EN3FW93BSXQQ","Approved","Mon Sep 10 11:30:43 PDT 2018","Mon Sep 10 11:33:24 PDT 2018","Thu Sep 13 11:33:24 PDT 2018","Mon Sep 10 13:23:24 PDT 2018","","","161","100% (1/1)","100% (1/1)","100% (1/1)","United States","Female","15","0"
"37VE3DA4YUHL2L750U0ON0Z29YOBHW","36AMNITQIKA1FOYJGQG383K4D9UIG8","Super quick survey (<1 min) about clothing","Just a few questions about clothing that you own","survey, clothing","$0.02","Mon Sep 10 11:22:28 PDT 2018","102","BatchId:3366939;OriginalHitTemplateId:920937332;","3600","259200","Mon Sep 17 13:04:34 PDT 2018","","","34J10VATJFYBP6I8FWK06LQ4U5QQI4","A1YWB1AXO8FZJJ","Approved","Mon Sep 10 11:23:18 PDT 2018","Mon Sep 10 11:24:53 PDT 2018","Thu Sep 13 11:24:53 PDT 2018","Mon Sep 10 13:23:24 PDT 2018","","","95","100% (1/1)","100% (1/1)","100% (1/1)","Taxes","Male","6","6"
"37VE3DA4YUHL2L750U0ON0Z29YOBHW","36AMNITQIKA1FOYJGQG383K4D9UIG8","Super quick survey (<1 min) about clothing","Just a few questions about clothing that you own","survey, clothing","$0.02","Mon Sep 10 11:22:28 PDT 2018","102","BatchId:3366939;OriginalHitTemplateId:920937332;","3600","259200","Mon Sep 17 13:04:34 PDT 2018","","","354GIDR5ZB6CUIWTU81FLBZQV7C00M","AZ7GSYRVDR23N","Approved","Mon Sep 10 11:24:15 PDT 2018","Mon Sep 10 11:24:46 PDT 2018","Thu Sep 13 11:24:46 PDT 2018","Mon Sep 10 13:23:24 PDT 2018","","","31","100% (1/1)","100% (1/1)","100% (1/1)","INDIA","Male","2","2"
"37VE3DA4YUHL2L750U0ON0Z29YOBHW","36AMNITQIKA1FOYJGQG383K4D9UIG8","Super quick survey (<1 min) about clothing","Just a few questions about clothing that you own","survey, clothing","$0.02","Mon Sep 10 11:22:28 PDT 2018","102","BatchId:3366939;OriginalHitTemplateId:920937332;","3600","259200","Mon Sep 17 13:04:34 PDT 2018","","","3570Y55XZPJ62H3ZGI1RYVGQE1GGY6","A3V62M5MHME0O1","Approved","Mon Sep 10 11:27:32 PDT 2018","Mon Sep 10 11:28:23 PDT 2018","Thu Sep 13 11:28:23 PDT 2018","Mon Sep 10 13:23:24 PDT 2018","","","51","100% (1/1)","100% (1/1)","100% (1/1)","United States","Male","8","2"
"37VE3DA4YUHL2L750U0ON0Z29YOBHW","36AMNITQIKA1FOYJGQG383K4D9UIG8","Super quick survey (<1 min) about clothing","Just a few questions about clothing that you own","survey, clothing","$0.02","Mon Sep 10 11:22:28 PDT 2018","102","BatchId:3366939;OriginalHitTemplateId:920937332;","3600","259200","Mon Sep 17 13:04:34 PDT 2018","","","35GMH2SV3EHWOP364025W1XCNB2OEM","A2S834OHCORO1W","Approved","Mon Sep 10 11:28:40 PDT 2018","Mon Sep 10 11:29:29 PDT 2018","Thu Sep 13 11:29:29 PDT 2018","Mon Sep 10 13:23:24 PDT 2018","","","49","100% (1/1)","100% (1/1)","100% (1/1)","INDIA","Female","5","0"
"37VE3DA4YUHL2L750U0ON0Z29YOBHW","36AMNITQIKA1FOYJGQG383K4D9UIG8","Super quick survey (<1 min) about clothing","Just a few questions about clothing that you own","survey, clothing","$0.02","Mon Sep 10 11:22:28 PDT 2018","102","BatchId:3366939;OriginalHitTemplateId:920937332;","3600","259200","Mon Sep 17 13:04:34 PDT 2018","","","36V4Q8R5ZK0XLP8Z0BISYEXLBEAQMK","A3LJVOLPL3C37F","Approved","Mon Sep 10 11:24:01 PDT 2018","Mon Sep 10 11:24:18 PDT 2018","Thu Sep 13 11:24:18 PDT 2018","Mon Sep 10 13:23:24 PDT 2018","","","17","100% (1/1)","100% (1/1)","100% (1/1)","United States","Female","25","5"
"37VE3DA4YUHL2L750U0ON0Z29YOBHW","36AMNITQIKA1FOYJGQG383K4D9UIG8","Super quick survey (<1 min) about clothing","Just a few questions about clothing that you own","survey, clothing","$0.02","Mon Sep 10 11:22:28 PDT 2018","102","BatchId:3366939;OriginalHitTemplateId:920937332;","3600","259200","Mon Sep 17 13:04:34 PDT 2018","","","374TNBHA8BVXF6XDJE63S9KSKOPQYB","A1L8DWAN05WNPY","Approved","Mon Sep 10 11:28:39 PDT 2018","Mon Sep 10 11:29:01 PDT 2018","Thu Sep 13 11:29:01 PDT 2018","Mon Sep 10 13:23:24 PDT 2018","","","22","100% (1/1)","100% (1/1)","100% (1/1)","India","Male","2","1"
"37VE3DA4YUHL2L750U0ON0Z29YOBHW","36AMNITQIKA1FOYJGQG383K4D9UIG8","Super quick survey (<1 min) about clothing","Just a few questions about clothing that you own","survey, clothing","$0.02","Mon Sep 10 11:22:28 PDT 2018","102","BatchId:3366939;OriginalHitTemplateId:920937332;","3600","259200","Mon Sep 17 13:04:34 PDT 2018","","","38SKSKU7R1X0Y92VNRC4PZRAKZ4IL8","A11T4227GSO6EP","Approved","Mon Sep 10 11:26:45 PDT 2018","Mon Sep 10 11:27:22 PDT 2018","Thu Sep 13 11:27:22 PDT 2018","Mon Sep 10 13:23:24 PDT 2018","","","37","100% (1/1)","100% (1/1)","100% (1/1)","Russia","Male","6","3"
"37VE3DA4YUHL2L750U0ON0Z29YOBHW","36AMNITQIKA1FOYJGQG383K4D9UIG8","Super quick survey (<1 min) about clothing","Just a few questions about clothing that you own","survey, clothing","$0.02","Mon Sep 10 11:22:28 PDT 2018","102","BatchId:3366939;OriginalHitTemplateId:920937332;","3600","259200","Mon Sep 17 13:04:34 PDT 2018","","","39L1G8WVWQR8IZG89ENY1EG73B231N","A34YKQXWOMUZRC","Approved","Mon Sep 10 11:25:11 PDT 2018","Mon Sep 10 11:25:27 PDT 2018","Thu Sep 13 11:25:27 PDT 2018","Mon Sep 10 13:23:25 PDT 2018","","","16","100% (1/1)","100% (1/1)","100% (1/1)","USA","Male","2","1"
"37VE3DA4YUHL2L750U0ON0Z29YOBHW","36AMNITQIKA1FOYJGQG383K4D9UIG8","Super quick survey (<1 min) about clothing","Just a few questions about clothing that you own","survey, clothing","$0.02","Mon Sep 10 11:22:28 PDT 2018","102","BatchId:3366939;OriginalHitTemplateId:920937332;","3600","259200","Mon Sep 17 13:04:34 PDT 2018","","","39ZSFO5CA8WZCA9VENP5SN2TA5MUJQ","A1M817OSHHYWX7","Approved","Mon Sep 10 11:33:04 PDT 2018","Mon Sep 10 11:33:24 PDT 2018","Thu Sep 13 11:33:24 PDT 2018","Mon Sep 10 13:23:25 PDT 2018","","","20","100% (1/1)","100% (1/1)","100% (1/1)","USA","Female","20","2"
"37VE3DA4YUHL2L750U0ON0Z29YOBHW","36AMNITQIKA1FOYJGQG383K4D9UIG8","Super quick survey (<1 min) about clothing","Just a few questions about clothing that you own","survey, clothing","$0.02","Mon Sep 10 11:22:28 PDT 2018","102","BatchId:3366939;OriginalHitTemplateId:920937332;","3600","259200","Mon Sep 17 13:04:34 PDT 2018","","","3AZHRG4CU4K8BAVQDVJYN9XXYJW03H","A1G3BVCKXMEUPU","Approved","Mon Sep 10 11:24:37 PDT 2018","Mon Sep 10 11:24:56 PDT 2018","Thu Sep 13 11:24:56 PDT 2018","Mon Sep 10 13:23:25 PDT 2018","","","19","100% (1/1)","100% (1/1)","100% (1/1)","USA","Male","10","3"
"37VE3DA4YUHL2L750U0ON0Z29YOBHW","36AMNITQIKA1FOYJGQG383K4D9UIG8","Super quick survey (<1 min) about clothing","Just a few questions about clothing that you own","survey, clothing","$0.02","Mon Sep 10 11:22:28 PDT 2018","102","BatchId:3366939;OriginalHitTemplateId:920937332;","3600","259200","Mon Sep 17 13:04:34 PDT 2018","","","3CCZ6YKWR7JTLJ67RAQKVHWAFJH59O","A3ADP5EDYSB9HD","Approved","Mon Sep 10 11:24:12 PDT 2018","Mon Sep 10 11:24:44 PDT 2018","Thu Sep 13 11:24:44 PDT 2018","Mon Sep 10 13:23:25 PDT 2018","","","32","100% (1/1)","100% (1/1)","100% (1/1)","USA","Female","30","5"
"37VE3DA4YUHL2L750U0ON0Z29YOBHW","36AMNITQIKA1FOYJGQG383K4D9UIG8","Super quick survey (<1 min) about clothing","Just a few questions about clothing that you own","survey, clothing","$0.02","Mon Sep 10 11:22:28 PDT 2018","102","BatchId:3366939;OriginalHitTemplateId:920937332;","3600","259200","Mon Sep 17 13:04:34 PDT 2018","","","3CFJTT4SXTQ1JODTJXBU6U99PFZ7IO","AX5P49R4EWO3L","Approved","Mon Sep 10 11:24:21 PDT 2018","Mon Sep 10 11:24:42 PDT 2018","Thu Sep 13 11:24:42 PDT 2018","Mon Sep 10 13:23:25 PDT 2018","","","21","100% (1/1)","100% (1/1)","100% (1/1)","United States","Female","11","3"
"37VE3DA4YUHL2L750U0ON0Z29YOBHW","36AMNITQIKA1FOYJGQG383K4D9UIG8","Super quick survey (<1 min) about clothing","Just a few questions about clothing that you own","survey, clothing","$0.02","Mon Sep 10 11:22:28 PDT 2018","102","BatchId:3366939;OriginalHitTemplateId:920937332;","3600","259200","Mon Sep 17 13:04:34 PDT 2018","","","3CTOC39K37QXEZXZ1FWUIVO92UO7J0","ATZTFR4Y6KK2V","Approved","Mon Sep 10 11:24:35 PDT 2018","Mon Sep 10 11:25:17 PDT 2018","Thu Sep 13 11:25:17 PDT 2018","Mon Sep 10 13:23:25 PDT 2018","","","42","100% (1/1)","100% (1/1)","100% (1/1)","United States","Female","6","2"
"37VE3DA4YUHL2L750U0ON0Z29YOBHW","36AMNITQIKA1FOYJGQG383K4D9UIG8","Super quick survey (<1 min) about clothing","Just a few questions about clothing that you own","survey, clothing","$0.02","Mon Sep 10 11:22:28 PDT 2018","102","BatchId:3366939;OriginalHitTemplateId:920937332;","3600","259200","Mon Sep 17 13:04:34 PDT 2018","","","3D3VGR7TA0FWB4FP782D75YK79W3RJ","A3K1P4SPR8XS7R","Approved","Mon Sep 10 11:26:51 PDT 2018","Mon Sep 10 11:27:21 PDT 2018","Thu Sep 13 11:27:21 PDT 2018","Mon Sep 10 13:23:25 PDT 2018","","","30","100% (1/1)","100% (1/1)","100% (1/1)","Thailand","Female","5","2"
"37VE3DA4YUHL2L750U0ON0Z29YOBHW","36AMNITQIKA1FOYJGQG383K4D9UIG8","Super quick survey (<1 min) about clothing","Just a few questions about clothing that you own","survey, clothing","$0.02","Mon Sep 10 11:22:28 PDT 2018","102","BatchId:3366939;OriginalHitTemplateId:920937332;","3600","259200","Mon Sep 17 13:04:34 PDT 2018","","","3DIP6YHAPCST3XGQXJD9ZF7C86YE89","A1P5A9KCO7WQZE","Approved","Mon Sep 10 11:27:57 PDT 2018","Mon Sep 10 11:28:12 PDT 2018","Thu Sep 13 11:28:12 PDT 2018","Mon Sep 10 13:23:25 PDT 2018","","","15","100% (1/1)","100% (1/1)","100% (1/1)","United States","Female","5","1"
"37VE3DA4YUHL2L750U0ON0Z29YOBHW","36AMNITQIKA1FOYJGQG383K4D9UIG8","Super quick survey (<1 min) about clothing","Just a few questions about clothing that you own","survey, clothing","$0.02","Mon Sep 10 11:22:28 PDT 2018","102","BatchId:3366939;OriginalHitTemplateId:920937332;","3600","259200","Mon Sep 17 13:04:34 PDT 2018","","","3DQQ64TANGL8QP1Y409Q77924K3WPR","ARYNGFS9GHR0Y","Approved","Mon Sep 10 11:31:31 PDT 2018","Mon Sep 10 11:32:03 PDT 2018","Thu Sep 13 11:32:03 PDT 2018","Mon Sep 10 13:23:25 PDT 2018","","","32","100% (1/1)","100% (1/1)","100% (1/1)","India","Female","5","2"
"37VE3DA4YUHL2L750U0ON0Z29YOBHW","36AMNITQIKA1FOYJGQG383K4D9UIG8","Super quick survey (<1 min) about clothing","Just a few questions about clothing that you own","survey, clothing","$0.02","Mon Sep 10 11:22:28 PDT 2018","102","BatchId:3366939;OriginalHitTemplateId:920937332;","3600","259200","Mon Sep 17 13:04:34 PDT 2018","","","3DUZQ9U6SMOSOSHL678OGAVZKV7VSV","A1M2GRFYUYO055","Approved","Mon Sep 10 11:24:11 PDT 2018","Mon Sep 10 11:25:07 PDT 2018","Thu Sep 13 11:25:07 PDT 2018","Mon Sep 10 13:23:25 PDT 2018","","","56","100% (1/1)","100% (1/1)","100% (1/1)","US","Female","10","2"
"37VE3DA4YUHL2L750U0ON0Z29YOBHW","36AMNITQIKA1FOYJGQG383K4D9UIG8","Super quick survey (<1 min) about clothing","Just a few questions about clothing that you own","survey, clothing","$0.02","Mon Sep 10 11:22:28 PDT 2018","102","BatchId:3366939;OriginalHitTemplateId:920937332;","3600","259200","Mon Sep 17 13:04:34 PDT 2018","","","3E7TUJ2EGCMOPWL06G83TTK2S0FD94","A3JXZ60HKXKCBI","Approved","Mon Sep 10 11:26:10 PDT 2018","Mon Sep 10 11:26:45 PDT 2018","Thu Sep 13 11:26:45 PDT 2018","Mon Sep 10 13:23:26 PDT 2018","","","35","100% (1/1)","100% (1/1)","100% (1/1)","USA","Male","4","1"
"37VE3DA4YUHL2L750U0ON0Z29YOBHW","36AMNITQIKA1FOYJGQG383K4D9UIG8","Super quick survey (<1 min) about clothing","Just a few questions about clothing that you own","survey, clothing","$0.02","Mon Sep 10 11:22:28 PDT 2018","102","BatchId:3366939;OriginalHitTemplateId:920937332;","3600","259200","Mon Sep 17 13:04:34 PDT 2018","","","3EJJQNKU9R5B5CMOMTRFBZZUQEEHR4","A2J9ZWDTAFJW65","Approved","Mon Sep 10 11:31:00 PDT 2018","Mon Sep 10 11:31:18 PDT 2018","Thu Sep 13 11:31:18 PDT 2018","Mon Sep 10 13:23:26 PDT 2018","","","18","100% (1/1)","100% (1/1)","100% (1/1)","USA","Male","2","1"
"37VE3DA4YUHL2L750U0ON0Z29YOBHW","36AMNITQIKA1FOYJGQG383K4D9UIG8","Super quick survey (<1 min) about clothing","Just a few questions about clothing that you own","survey, clothing","$0.02","Mon Sep 10 11:22:28 PDT 2018","102","BatchId:3366939;OriginalHitTemplateId:920937332;","3600","259200","Mon Sep 17 13:04:34 PDT 2018","","","3EWIJTFFVO7BL8BN2F0U601UP8M0E8","A2B1YSMEHN1G2K","Approved","Mon Sep 10 11:25:59 PDT 2018","Mon Sep 10 11:26:22 PDT 2018","Thu Sep 13 11:26:22 PDT 2018","Mon Sep 10 13:23:26 PDT 2018","","","23","100% (1/1)","100% (1/1)","100% (1/1)","United States","Female","2","1"
"37VE3DA4YUHL2L750U0ON0Z29YOBHW","36AMNITQIKA1FOYJGQG383K4D9UIG8","Super quick survey (<1 min) about clothing","Just a few questions about clothing that you own","survey, clothing","$0.02","Mon Sep 10 11:22:28 PDT 2018","102","BatchId:3366939;OriginalHitTemplateId:920937332;","3600","259200","Mon Sep 17 13:04:34 PDT 2018","","","3F6HPJW4JD0CYI0S22YEBU19TAAW23","A31X9CV1UWZV8Z","Approved","Mon Sep 10 11:25:38 PDT 2018","Mon Sep 10 11:30:13 PDT 2018","Thu Sep 13 11:30:13 PDT 2018","Mon Sep 10 13:23:26 PDT 2018","","","275","100% (1/1)","100% (1/1)","100% (1/1)","United States","Female","5","2"
"37VE3DA4YUHL2L750U0ON0Z29YOBHW","36AMNITQIKA1FOYJGQG383K4D9UIG8","Super quick survey (<1 min) about clothing","Just a few questions about clothing that you own","survey, clothing","$0.02","Mon Sep 10 11:22:28 PDT 2018","102","BatchId:3366939;OriginalHitTemplateId:920937332;","3600","259200","Mon Sep 17 13:04:34 PDT 2018","","","3F6HPJW4JD0CYI0S22YEBU19TAB2WA","A1GCIKCWCY4FSI","Approved","Mon Sep 10 11:24:19 PDT 2018","Mon Sep 10 11:24:43 PDT 2018","Thu Sep 13 11:24:43 PDT 2018","Mon Sep 10 13:23:26 PDT 2018","","","24","100% (1/1)","100% (1/1)","100% (1/1)","United States","Female","8","3"
"37VE3DA4YUHL2L750U0ON0Z29YOBHW","36AMNITQIKA1FOYJGQG383K4D9UIG8","Super quick survey (<1 min) about clothing","Just a few questions about clothing that you own","survey, clothing","$0.02","Mon Sep 10 11:22:28 PDT 2018","102","BatchId:3366939;OriginalHitTemplateId:920937332;","3600","259200","Mon Sep 17 13:04:34 PDT 2018","","","3FFJ6VRIL1ON1DD9YYQLRFZMH1T0IH","A23C24804TMAXT","Approved","Mon Sep 10 11:26:08 PDT 2018","Mon Sep 10 11:26:39 PDT 2018","Thu Sep 13 11:26:39 PDT 2018","Mon Sep 10 13:23:26 PDT 2018","","","31","100% (1/1)","100% (1/1)","100% (1/1)","United States","Female","5","4"
"37VE3DA4YUHL2L750U0ON0Z29YOBHW","36AMNITQIKA1FOYJGQG383K4D9UIG8","Super quick survey (<1 min) about clothing","Just a few questions about clothing that you own","survey, clothing","$0.02","Mon Sep 10 11:22:28 PDT 2018","102","BatchId:3366939;OriginalHitTemplateId:920937332;","3600","259200","Mon Sep 17 13:04:34 PDT 2018","","","3FQ5JJ512LOHS4V4Z7DVF7ACHYTKNN","A12H9WVHOB0E0O","Approved","Mon Sep 10 11:32:11 PDT 2018","Mon Sep 10 11:32:35 PDT 2018","Thu Sep 13 11:32:35 PDT 2018","Mon Sep 10 13:23:26 PDT 2018","","","24","100% (1/1)","100% (1/1)","100% (1/1)","usa","Female","10","1"
"37VE3DA4YUHL2L750U0ON0Z29YOBHW","36AMNITQIKA1FOYJGQG383K4D9UIG8","Super quick survey (<1 min) about clothing","Just a few questions about clothing that you own","survey, clothing","$0.02","Mon Sep 10 11:22:28 PDT 2018","102","BatchId:3366939;OriginalHitTemplateId:920937332;","3600","259200","Mon Sep 17 13:04:34 PDT 2018","","","3G0WWMR1UVK337TZCCXSBTMLG4KQNK","A2E3LKD3ELOED6","Approved","Mon Sep 10 11:24:28 PDT 2018","Mon Sep 10 11:24:41 PDT 2018","Thu Sep 13 11:24:41 PDT 2018","Mon Sep 10 13:23:26 PDT 2018","","","13","100% (1/1)","100% (1/1)","100% (1/1)","United States","Female","6","1"
"37VE3DA4YUHL2L750U0ON0Z29YOBHW","36AMNITQIKA1FOYJGQG383K4D9UIG8","Super quick survey (<1 min) about clothing","Just a few questions about clothing that you own","survey, clothing","$0.02","Mon Sep 10 11:22:28 PDT 2018","102","BatchId:3366939;OriginalHitTemplateId:920937332;","3600","259200","Mon Sep 17 13:04:34 PDT 2018","","","3H8DHMCCW9B86S4RADZSJ2YI3URKD5","A2CLEUWY84MJXZ","Approved","Mon Sep 10 11:29:58 PDT 2018","Mon Sep 10 11:30:41 PDT 2018","Thu Sep 13 11:30:41 PDT 2018","Mon Sep 10 13:23:27 PDT 2018","","","43","100% (1/1)","100% (1/1)","100% (1/1)","United States","Female","20","5"
"37VE3DA4YUHL2L750U0ON0Z29YOBHW","36AMNITQIKA1FOYJGQG383K4D9UIG8","Super quick survey (<1 min) about clothing","Just a few questions about clothing that you own","survey, clothing","$0.02","Mon Sep 10 11:22:28 PDT 2018","102","BatchId:3366939;OriginalHitTemplateId:920937332;","3600","259200","Mon Sep 17 13:04:34 PDT 2018","","","3HL8HNGX451LNGZWXM3THTNN4DV9FB","A27RAUUONPMS29","Approved","Mon Sep 10 11:27:49 PDT 2018","Mon Sep 10 11:28:05 PDT 2018","Thu Sep 13 11:28:05 PDT 2018","Mon Sep 10 13:23:27 PDT 2018","","","16","100% (1/1)","100% (1/1)","100% (1/1)","United States","Female","2","1"
"37VE3DA4YUHL2L750U0ON0Z29YOBHW","36AMNITQIKA1FOYJGQG383K4D9UIG8","Super quick survey (<1 min) about clothing","Just a few questions about clothing that you own","survey, clothing","$0.02","Mon Sep 10 11:22:28 PDT 2018","102","BatchId:3366939;OriginalHitTemplateId:920937332;","3600","259200","Mon Sep 17 13:04:34 PDT 2018","","","3HRMW88U16Q9XW30JDODJ863YAD0MX","A2KQLLEA8WMRBL","Approved","Mon Sep 10 11:26:59 PDT 2018","Mon Sep 10 11:27:36 PDT 2018","Thu Sep 13 11:27:36 PDT 2018","Mon Sep 10 13:23:27 PDT 2018","","","37","100% (1/1)","100% (1/1)","100% (1/1)","United States","Male","4","2"
"37VE3DA4YUHL2L750U0ON0Z29YOBHW","36AMNITQIKA1FOYJGQG383K4D9UIG8","Super quick survey (<1 min) about clothing","Just a few questions about clothing that you own","survey, clothing","$0.02","Mon Sep 10 11:22:28 PDT 2018","102","BatchId:3366939;OriginalHitTemplateId:920937332;","3600","259200","Mon Sep 17 13:04:34 PDT 2018","","","3HRMW88U16Q9XW30JDODJ863YADM0J","AF3EMBTO817L3","Approved","Mon Sep 10 11:31:11 PDT 2018","Mon Sep 10 11:31:27 PDT 2018","Thu Sep 13 11:31:27 PDT 2018","Mon Sep 10 13:23:27 PDT 2018","","","16","100% (1/1)","100% (1/1)","100% (1/1)","United Stated","Female","6","1"
"37VE3DA4YUHL2L750U0ON0Z29YOBHW","36AMNITQIKA1FOYJGQG383K4D9UIG8","Super quick survey (<1 min) about clothing","Just a few questions about clothing that you own","survey, clothing","$0.02","Mon Sep 10 11:22:28 PDT 2018","102","BatchId:3366939;OriginalHitTemplateId:920937332;","3600","259200","Mon Sep 17 13:04:34 PDT 2018","","","3I2PTA7R3TU2V18WFZ5CJ15HM9FQKF","AXWD45GWTLWU6","Approved","Mon Sep 10 11:23:52 PDT 2018","Mon Sep 10 11:27:03 PDT 2018","Thu Sep 13 11:27:03 PDT 2018","Mon Sep 10 13:23:27 PDT 2018","","","191","100% (1/1)","100% (1/1)","100% (1/1)","United","Male","10","4"
"37VE3DA4YUHL2L750U0ON0Z29YOBHW","36AMNITQIKA1FOYJGQG383K4D9UIG8","Super quick survey (<1 min) about clothing","Just a few questions about clothing that you own","survey, clothing","$0.02","Mon Sep 10 11:22:28 PDT 2018","102","BatchId:3366939;OriginalHitTemplateId:920937332;","3600","259200","Mon Sep 17 13:04:34 PDT 2018","","","3IUZPWIU1O77FY4IR84IBQN3AAWKWD","A2OD5QYUCEYHJD","Approved","Mon Sep 10 11:24:48 PDT 2018","Mon Sep 10 11:25:02 PDT 2018","Thu Sep 13 11:25:02 PDT 2018","Mon Sep 10 13:23:27 PDT 2018","","","14","100% (1/1)","100% (1/1)","100% (1/1)","United Kingdom","Female","13","2"
"37VE3DA4YUHL2L750U0ON0Z29YOBHW","36AMNITQIKA1FOYJGQG383K4D9UIG8","Super quick survey (<1 min) about clothing","Just a few questions about clothing that you own","survey, clothing","$0.02","Mon Sep 10 11:22:28 PDT 2018","102","BatchId:3366939;OriginalHitTemplateId:920937332;","3600","259200","Mon Sep 17 13:04:34 PDT 2018","","","3IXEICO792J8O2FZUZ56ENBM5LUT6R","A10LLZZHZVGWRW","Approved","Mon Sep 10 11:24:41 PDT 2018","Mon Sep 10 11:25:17 PDT 2018","Thu Sep 13 11:25:17 PDT 2018","Mon Sep 10 13:23:27 PDT 2018","","","36","100% (1/1)","100% (1/1)","100% (1/1)","USA","Female","14","5"
"37VE3DA4YUHL2L750U0ON0Z29YOBHW","36AMNITQIKA1FOYJGQG383K4D9UIG8","Super quick survey (<1 min) about clothing","Just a few questions about clothing that you own","survey, clothing","$0.02","Mon Sep 10 11:22:28 PDT 2018","102","BatchId:3366939;OriginalHitTemplateId:920937332;","3600","259200","Mon Sep 17 13:04:34 PDT 2018","","","3IXEICO792J8O2FZUZ56ENBM5LZT6W","A2COAUZ1TISD2Q","Approved","Mon Sep 10 13:05:11 PDT 2018","Mon Sep 10 13:08:06 PDT 2018","Thu Sep 13 13:08:06 PDT 2018","Mon Sep 10 13:23:27 PDT 2018","","","175","100% (1/1)","100% (1/1)","100% (1/1)","United States","Male","3","1"
"37VE3DA4YUHL2L750U0ON0Z29YOBHW","36AMNITQIKA1FOYJGQG383K4D9UIG8","Super quick survey (<1 min) about clothing","Just a few questions about clothing that you own","survey, clothing","$0.02","Mon Sep 10 11:22:28 PDT 2018","102","BatchId:3366939;OriginalHitTemplateId:920937332;","3600","259200","Mon Sep 17 13:04:34 PDT 2018","","","3JJVG1YBEBXC9CL4PU4GMNR03JK5BY","A3VOYK4UGI5BJF","Approved","Mon Sep 10 11:24:40 PDT 2018","Mon Sep 10 11:24:58 PDT 2018","Thu Sep 13 11:24:58 PDT 2018","Mon Sep 10 13:23:27 PDT 2018","","","18","100% (1/1)","100% (1/1)","100% (1/1)","USA","Male","7","7"
"37VE3DA4YUHL2L750U0ON0Z29YOBHW","36AMNITQIKA1FOYJGQG383K4D9UIG8","Super quick survey (<1 min) about clothing","Just a few questions about clothing that you own","survey, clothing","$0.02","Mon Sep 10 11:22:28 PDT 2018","102","BatchId:3366939;OriginalHitTemplateId:920937332;","3600","259200","Mon Sep 17 13:04:34 PDT 2018","","","3KB8R4ZV1E7AP9AO6QN7QKIPTSYGBR","A304JFG8AJM7U6","Approved","Mon Sep 10 11:26:16 PDT 2018","Mon Sep 10 11:26:39 PDT 2018","Thu Sep 13 11:26:39 PDT 2018","Mon Sep 10 13:23:28 PDT 2018","","","23","100% (1/1)","100% (1/1)","100% (1/1)","United States","Female","3","1"
"37VE3DA4YUHL2L750U0ON0Z29YOBHW","36AMNITQIKA1FOYJGQG383K4D9UIG8","Super quick survey (<1 min) about clothing","Just a few questions about clothing that you own","survey, clothing","$0.02","Mon Sep 10 11:22:28 PDT 2018","102","BatchId:3366939;OriginalHitTemplateId:920937332;","3600","259200","Mon Sep 17 13:04:34 PDT 2018","","","3L2IS5HSFAIVV00GTLHXLUJAJPQNUM","A1SU8C0D1IJYTN","Approved","Mon Sep 10 11:23:09 PDT 2018","Mon Sep 10 11:23:20 PDT 2018","Thu Sep 13 11:23:20 PDT 2018","Mon Sep 10 13:23:28 PDT 2018","","","11","100% (1/1)","100% (1/1)","100% (1/1)","USA","Male","10","4"
"37VE3DA4YUHL2L750U0ON0Z29YOBHW","36AMNITQIKA1FOYJGQG383K4D9UIG8","Super quick survey (<1 min) about clothing","Just a few questions about clothing that you own","survey, clothing","$0.02","Mon Sep 10 11:22:28 PDT 2018","102","BatchId:3366939;OriginalHitTemplateId:920937332;","3600","259200","Mon Sep 17 13:04:34 PDT 2018","","","3L6L49WXW0XSOD0VAFUTE9LUTR354S","AVSQGJFKG7GW0","Approved","Mon Sep 10 11:23:47 PDT 2018","Mon Sep 10 11:24:15 PDT 2018","Thu Sep 13 11:24:15 PDT 2018","Mon Sep 10 13:23:28 PDT 2018","","","28","100% (1/1)","100% (1/1)","100% (1/1)","Germany","Male","8","3"
"37VE3DA4YUHL2L750U0ON0Z29YOBHW","36AMNITQIKA1FOYJGQG383K4D9UIG8","Super quick survey (<1 min) about clothing","Just a few questions about clothing that you own","survey, clothing","$0.02","Mon Sep 10 11:22:28 PDT 2018","102","BatchId:3366939;OriginalHitTemplateId:920937332;","3600","259200","Mon Sep 17 13:04:34 PDT 2018","","","3LBXNTKX0RV2N2QHXG9FN0NU8IQX9P","A3LSXZR843QSGC","Approved","Mon Sep 10 11:23:20 PDT 2018","Mon Sep 10 11:24:15 PDT 2018","Thu Sep 13 11:24:15 PDT 2018","Mon Sep 10 13:23:28 PDT 2018","","","55","100% (1/1)","100% (1/1)","100% (1/1)","United States","Female","3","2"
"37VE3DA4YUHL2L750U0ON0Z29YOBHW","36AMNITQIKA1FOYJGQG383K4D9UIG8","Super quick survey (<1 min) about clothing","Just a few questions about clothing that you own","survey, clothing","$0.02","Mon Sep 10 11:22:28 PDT 2018","102","BatchId:3366939;OriginalHitTemplateId:920937332;","3600","259200","Mon Sep 17 13:04:34 PDT 2018","","","3LEP4MGT3G07DP0X40MZKZFSG0IDBE","A34TMWLXTWLMUL","Approved","Mon Sep 10 11:26:44 PDT 2018","Mon Sep 10 11:34:01 PDT 2018","Thu Sep 13 11:34:01 PDT 2018","Mon Sep 10 13:23:28 PDT 2018","","","437","100% (1/1)","100% (1/1)","100% (1/1)","usa","Female","35","13"
"37VE3DA4YUHL2L750U0ON0Z29YOBHW","36AMNITQIKA1FOYJGQG383K4D9UIG8","Super quick survey (<1 min) about clothing","Just a few questions about clothing that you own","survey, clothing","$0.02","Mon Sep 10 11:22:28 PDT 2018","102","BatchId:3366939;OriginalHitTemplateId:920937332;","3600","259200","Mon Sep 17 13:04:34 PDT 2018","","","3LOZAJ85YDDRNI5IC7U0DDFG2CHX2Y","AF4UHN538MRG7","Approved","Mon Sep 10 11:34:11 PDT 2018","Mon Sep 10 11:34:50 PDT 2018","Thu Sep 13 11:34:50 PDT 2018","Mon Sep 10 13:23:28 PDT 2018","","","39","100% (1/1)","100% (1/1)","100% (1/1)","Spain","Female","8","6"
"37VE3DA4YUHL2L750U0ON0Z29YOBHW","36AMNITQIKA1FOYJGQG383K4D9UIG8","Super quick survey (<1 min) about clothing","Just a few questions about clothing that you own","survey, clothing","$0.02","Mon Sep 10 11:22:28 PDT 2018","102","BatchId:3366939;OriginalHitTemplateId:920937332;","3600","259200","Mon Sep 17 13:04:34 PDT 2018","","","3LUY3GC63Z0T0A0XWS1EFRALBTU7P0","A2TCV4URAGNFEO","Approved","Mon Sep 10 11:25:12 PDT 2018","Mon Sep 10 11:25:32 PDT 2018","Thu Sep 13 11:25:32 PDT 2018","Mon Sep 10 13:23:28 PDT 2018","","","20","100% (1/1)","100% (1/1)","100% (1/1)","USA","Male","4","1"
"37VE3DA4YUHL2L750U0ON0Z29YOBHW","36AMNITQIKA1FOYJGQG383K4D9UIG8","Super quick survey (<1 min) about clothing","Just a few questions about clothing that you own","survey, clothing","$0.02","Mon Sep 10 11:22:28 PDT 2018","102","BatchId:3366939;OriginalHitTemplateId:920937332;","3600","259200","Mon Sep 17 13:04:34 PDT 2018","","","3LUY3GC63Z0T0A0XWS1EFRALBTUP7I","A1BZEF5ET0Q3OH","Approved","Mon Sep 10 11:32:57 PDT 2018","Mon Sep 10 11:33:32 PDT 2018","Thu Sep 13 11:33:32 PDT 2018","Mon Sep 10 13:23:28 PDT 2018","","","35","100% (1/1)","100% (1/1)","100% (1/1)","India","Male","4","2"
"37VE3DA4YUHL2L750U0ON0Z29YOBHW","36AMNITQIKA1FOYJGQG383K4D9UIG8","Super quick survey (<1 min) about clothing","Just a few questions about clothing that you own","survey, clothing","$0.02","Mon Sep 10 11:22:28 PDT 2018","102","BatchId:3366939;OriginalHitTemplateId:920937332;","3600","259200","Mon Sep 17 13:04:34 PDT 2018","","","3MMN5BL1WZ45EO2X206WL64A1MXM3E","A2O67PFJSHPZL5","Approved","Mon Sep 10 11:31:57 PDT 2018","Mon Sep 10 11:32:22 PDT 2018","Thu Sep 13 11:32:22 PDT 2018","Mon Sep 10 13:23:29 PDT 2018","","","25","100% (1/1)","100% (1/1)","100% (1/1)","United States","Female","12","2"
"37VE3DA4YUHL2L750U0ON0Z29YOBHW","36AMNITQIKA1FOYJGQG383K4D9UIG8","Super quick survey (<1 min) about clothing","Just a few questions about clothing that you own","survey, clothing","$0.02","Mon Sep 10 11:22:28 PDT 2018","102","BatchId:3366939;OriginalHitTemplateId:920937332;","3600","259200","Mon Sep 17 13:04:34 PDT 2018","","","3MTMREQS4VI13LVWFHRTHCK75Y3AWP","A98BDHIP5CWL1","Approved","Mon Sep 10 11:26:55 PDT 2018","Mon Sep 10 11:27:14 PDT 2018","Thu Sep 13 11:27:14 PDT 2018","Mon Sep 10 13:23:29 PDT 2018","","","19","100% (1/1)","100% (1/1)","100% (1/1)","United States","Female","20","4"
"37VE3DA4YUHL2L750U0ON0Z29YOBHW","36AMNITQIKA1FOYJGQG383K4D9UIG8","Super quick survey (<1 min) about clothing","Just a few questions about clothing that you own","survey, clothing","$0.02","Mon Sep 10 11:22:28 PDT 2018","102","BatchId:3366939;OriginalHitTemplateId:920937332;","3600","259200","Mon Sep 17 13:04:34 PDT 2018","","","3MX2NQ3YC9UJMFO5UQWYBKISMM85X7","A2O2Q0LVWOWJ1G","Approved","Mon Sep 10 11:26:49 PDT 2018","Mon Sep 10 11:27:14 PDT 2018","Thu Sep 13 11:27:14 PDT 2018","Mon Sep 10 13:23:29 PDT 2018","","","25","100% (1/1)","100% (1/1)","100% (1/1)","United States","Female","4","2"
"37VE3DA4YUHL2L750U0ON0Z29YOBHW","36AMNITQIKA1FOYJGQG383K4D9UIG8","Super quick survey (<1 min) about clothing","Just a few questions about clothing that you own","survey, clothing","$0.02","Mon Sep 10 11:22:28 PDT 2018","102","BatchId:3366939;OriginalHitTemplateId:920937332;","3600","259200","Mon Sep 17 13:04:34 PDT 2018","","","3N4BPTXIO8SUNUFDW8PHT226PULKUE","A3SCPW6SD157H0","Approved","Mon Sep 10 11:24:01 PDT 2018","Mon Sep 10 11:24:37 PDT 2018","Thu Sep 13 11:24:37 PDT 2018","Mon Sep 10 13:23:29 PDT 2018","","","36","100% (1/1)","100% (1/1)","100% (1/1)","United States","Female","10","2"
"37VE3DA4YUHL2L750U0ON0Z29YOBHW","36AMNITQIKA1FOYJGQG383K4D9UIG8","Super quick survey (<1 min) about clothing","Just a few questions about clothing that you own","survey, clothing","$0.02","Mon Sep 10 11:22:28 PDT 2018","102","BatchId:3366939;OriginalHitTemplateId:920937332;","3600","259200","Mon Sep 17 13:04:34 PDT 2018","","","3NKQQ8O39Y5M9O934R3UPP7G5LPUDC","AGQPTDG6ZF3T3","Approved","Mon Sep 10 11:31:40 PDT 2018","Mon Sep 10 11:32:07 PDT 2018","Thu Sep 13 11:32:07 PDT 2018","Mon Sep 10 13:23:29 PDT 2018","","","27","100% (1/1)","100% (1/1)","100% (1/1)","USA","Female","12","1"
"37VE3DA4YUHL2L750U0ON0Z29YOBHW","36AMNITQIKA1FOYJGQG383K4D9UIG8","Super quick survey (<1 min) about clothing","Just a few questions about clothing that you own","survey, clothing","$0.02","Mon Sep 10 11:22:28 PDT 2018","102","BatchId:3366939;OriginalHitTemplateId:920937332;","3600","259200","Mon Sep 17 13:04:34 PDT 2018","","","3NLZY2D53PPDF7QE0ZHDY1IWB9KQLI","A19P7S5OYZS61Z","Approved","Mon Sep 10 11:23:40 PDT 2018","Mon Sep 10 11:24:34 PDT 2018","Thu Sep 13 11:24:34 PDT 2018","Mon Sep 10 13:23:29 PDT 2018","","","54","100% (1/1)","100% (1/1)","100% (1/1)","United States","Male","12","3"
"37VE3DA4YUHL2L750U0ON0Z29YOBHW","36AMNITQIKA1FOYJGQG383K4D9UIG8","Super quick survey (<1 min) about clothing","Just a few questions about clothing that you own","survey, clothing","$0.02","Mon Sep 10 11:22:28 PDT 2018","102","BatchId:3366939;OriginalHitTemplateId:920937332;","3600","259200","Mon Sep 17 13:04:34 PDT 2018","","","3O6CYIULED1LIU9ULM8KHDW1C1VWUN","A2ZBYVQLDUZOV7","Approved","Mon Sep 10 11:32:03 PDT 2018","Mon Sep 10 11:32:19 PDT 2018","Thu Sep 13 11:32:19 PDT 2018","Mon Sep 10 13:23:29 PDT 2018","","","16","100% (1/1)","100% (1/1)","100% (1/1)","usa","Male","2","1"
"37VE3DA4YUHL2L750U0ON0Z29YOBHW","36AMNITQIKA1FOYJGQG383K4D9UIG8","Super quick survey (<1 min) about clothing","Just a few questions about clothing that you own","survey, clothing","$0.02","Mon Sep 10 11:22:28 PDT 2018","102","BatchId:3366939;OriginalHitTemplateId:920937332;","3600","259200","Mon Sep 17 13:04:34 PDT 2018","","","3OF2M9AATGOB9T9N2VOPAUHLRC0KZ3","ACKABDH3REQJ4","Approved","Mon Sep 10 11:25:21 PDT 2018","Mon Sep 10 11:25:53 PDT 2018","Thu Sep 13 11:25:53 PDT 2018","Mon Sep 10 13:23:29 PDT 2018","","","32","100% (1/1)","100% (1/1)","100% (1/1)","United States of America","Female","5","2"
"37VE3DA4YUHL2L750U0ON0Z29YOBHW","36AMNITQIKA1FOYJGQG383K4D9UIG8","Super quick survey (<1 min) about clothing","Just a few questions about clothing that you own","survey, clothing","$0.02","Mon Sep 10 11:22:28 PDT 2018","102","BatchId:3366939;OriginalHitTemplateId:920937332;","3600","259200","Mon Sep 17 13:04:34 PDT 2018","","","3OS4RQUCR9F4B9ETV6HP8ZIDSDYFBR","A3C2PSZEKN8OWD","Approved","Mon Sep 10 11:32:46 PDT 2018","Mon Sep 10 11:33:13 PDT 2018","Thu Sep 13 11:33:13 PDT 2018","Mon Sep 10 13:23:29 PDT 2018","","","27","100% (1/1)","100% (1/1)","100% (1/1)","INDIA","Female","2","2"
"37VE3DA4YUHL2L750U0ON0Z29YOBHW","36AMNITQIKA1FOYJGQG383K4D9UIG8","Super quick survey (<1 min) about clothing","Just a few questions about clothing that you own","survey, clothing","$0.02","Mon Sep 10 11:22:28 PDT 2018","102","BatchId:3366939;OriginalHitTemplateId:920937332;","3600","259200","Mon Sep 17 13:04:34 PDT 2018","","","3PB5A5BD0V6NNX7YT9BRLIWTA277GW","A1MPGNVKJI4ZT6","Approved","Mon Sep 10 11:24:13 PDT 2018","Mon Sep 10 11:24:45 PDT 2018","Thu Sep 13 11:24:45 PDT 2018","Mon Sep 10 13:23:30 PDT 2018","","","32","100% (1/1)","100% (1/1)","100% (1/1)","india","Male","2","1"
"37VE3DA4YUHL2L750U0ON0Z29YOBHW","36AMNITQIKA1FOYJGQG383K4D9UIG8","Super quick survey (<1 min) about clothing","Just a few questions about clothing that you own","survey, clothing","$0.02","Mon Sep 10 11:22:28 PDT 2018","102","BatchId:3366939;OriginalHitTemplateId:920937332;","3600","259200","Mon Sep 17 13:04:34 PDT 2018","","","3PDJHANYK5GIJTO4U5OH048YUR0H66","A1R43FVOYJ4L4X","Approved","Mon Sep 10 11:28:04 PDT 2018","Mon Sep 10 11:28:22 PDT 2018","Thu Sep 13 11:28:22 PDT 2018","Mon Sep 10 13:23:30 PDT 2018","","","18","100% (1/1)","100% (1/1)","100% (1/1)","USA","Female","5","2"
"37VE3DA4YUHL2L750U0ON0Z29YOBHW","36AMNITQIKA1FOYJGQG383K4D9UIG8","Super quick survey (<1 min) about clothing","Just a few questions about clothing that you own","survey, clothing","$0.02","Mon Sep 10 11:22:28 PDT 2018","102","BatchId:3366939;OriginalHitTemplateId:920937332;","3600","259200","Mon Sep 17 13:04:34 PDT 2018","","","3Q5C1WP23M1BWE3CNXBRGBERH7T51F","A3TMPJ7QMPW920","Approved","Mon Sep 10 11:23:19 PDT 2018","Mon Sep 10 11:23:37 PDT 2018","Thu Sep 13 11:23:37 PDT 2018","Mon Sep 10 13:23:30 PDT 2018","","","18","100% (1/1)","100% (1/1)","100% (1/1)","US","Male","8","2"
"37VE3DA4YUHL2L750U0ON0Z29YOBHW","36AMNITQIKA1FOYJGQG383K4D9UIG8","Super quick survey (<1 min) about clothing","Just a few questions about clothing that you own","survey, clothing","$0.02","Mon Sep 10 11:22:28 PDT 2018","102","BatchId:3366939;OriginalHitTemplateId:920937332;","3600","259200","Mon Sep 17 13:04:34 PDT 2018","","","3QEMNNSB2XZKBDX7RJAJFXTWXARD7S","A3A6A30JN4KOTG","Approved","Mon Sep 10 11:26:04 PDT 2018","Mon Sep 10 11:27:05 PDT 2018","Thu Sep 13 11:27:05 PDT 2018","Mon Sep 10 13:23:30 PDT 2018","","","61","100% (1/1)","100% (1/1)","100% (1/1)","United States","Male","5","2"
"37VE3DA4YUHL2L750U0ON0Z29YOBHW","36AMNITQIKA1FOYJGQG383K4D9UIG8","Super quick survey (<1 min) about clothing","Just a few questions about clothing that you own","survey, clothing","$0.02","Mon Sep 10 11:22:28 PDT 2018","102","BatchId:3366939;OriginalHitTemplateId:920937332;","3600","259200","Mon Sep 17 13:04:34 PDT 2018","","","3QXNC7EIPIVUQCK6U4K8EM0JYB6907","A3H1T1L00N0LO8","Approved","Mon Sep 10 11:27:26 PDT 2018","Mon Sep 10 11:28:26 PDT 2018","Thu Sep 13 11:28:26 PDT 2018","Mon Sep 10 13:23:30 PDT 2018","","","60","100% (1/1)","100% (1/1)","100% (1/1)","US","Female","14","5"
"37VE3DA4YUHL2L750U0ON0Z29YOBHW","36AMNITQIKA1FOYJGQG383K4D9UIG8","Super quick survey (<1 min) about clothing","Just a few questions about clothing that you own","survey, clothing","$0.02","Mon Sep 10 11:22:28 PDT 2018","102","BatchId:3366939;OriginalHitTemplateId:920937332;","3600","259200","Mon Sep 17 13:04:34 PDT 2018","","","3QY7M81QH7MSPJ3HJ0W6JAOMHJO7KZ","A3DU63P4KYJHOO","Approved","Mon Sep 10 11:24:37 PDT 2018","Mon Sep 10 11:24:51 PDT 2018","Thu Sep 13 11:24:51 PDT 2018","Mon Sep 10 13:23:30 PDT 2018","","","14","100% (1/1)","100% (1/1)","100% (1/1)","USA","Male","10","3"
"37VE3DA4YUHL2L750U0ON0Z29YOBHW","36AMNITQIKA1FOYJGQG383K4D9UIG8","Super quick survey (<1 min) about clothing","Just a few questions about clothing that you own","survey, clothing","$0.02","Mon Sep 10 11:22:28 PDT 2018","102","BatchId:3366939;OriginalHitTemplateId:920937332;","3600","259200","Mon Sep 17 13:04:34 PDT 2018","","","3R3YRB5GRF3OBH6RKHCSZOZAKISAUQ","A3ANECUVKEZIL6","Approved","Mon Sep 10 11:26:41 PDT 2018","Mon Sep 10 11:27:14 PDT 2018","Thu Sep 13 11:27:14 PDT 2018","Mon Sep 10 13:23:30 PDT 2018","","","33","100% (1/1)","100% (1/1)","100% (1/1)","United Arab Emirates","Male","1","1"
"37VE3DA4YUHL2L750U0ON0Z29YOBHW","36AMNITQIKA1FOYJGQG383K4D9UIG8","Super quick survey (<1 min) about clothing","Just a few questions about clothing that you own","survey, clothing","$0.02","Mon Sep 10 11:22:28 PDT 2018","102","BatchId:3366939;OriginalHitTemplateId:920937332;","3600","259200","Mon Sep 17 13:04:34 PDT 2018","","","3R5F3LQFV2KUZKU20NGIHBYUBHBOZS","A2XCAYP97V7P1A","Approved","Mon Sep 10 11:31:39 PDT 2018","Mon Sep 10 11:31:58 PDT 2018","Thu Sep 13 11:31:58 PDT 2018","Mon Sep 10 13:23:30 PDT 2018","","","19","100% (1/1)","100% (1/1)","100% (1/1)","United States","Female","5","1"
"37VE3DA4YUHL2L750U0ON0Z29YOBHW","36AMNITQIKA1FOYJGQG383K4D9UIG8","Super quick survey (<1 min) about clothing","Just a few questions about clothing that you own","survey, clothing","$0.02","Mon Sep 10 11:22:28 PDT 2018","102","BatchId:3366939;OriginalHitTemplateId:920937332;","3600","259200","Mon Sep 17 13:04:34 PDT 2018","","","3RSDURM96AM8I378ANB3YSVE1L1EYN","A15XMYNO2EXKV1","Approved","Mon Sep 10 11:31:15 PDT 2018","Mon Sep 10 11:31:54 PDT 2018","Thu Sep 13 11:31:54 PDT 2018","Mon Sep 10 13:23:31 PDT 2018","","","39","100% (1/1)","100% (1/1)","100% (1/1)","United States","Male","5","3"
"37VE3DA4YUHL2L750U0ON0Z29YOBHW","36AMNITQIKA1FOYJGQG383K4D9UIG8","Super quick survey (<1 min) about clothing","Just a few questions about clothing that you own","survey, clothing","$0.02","Mon Sep 10 11:22:28 PDT 2018","102","BatchId:3366939;OriginalHitTemplateId:920937332;","3600","259200","Mon Sep 17 13:04:34 PDT 2018","","","3RWE2M8QWHAFFEO0VE3DWNV330N0NX","A249IGDW8Z6D7I","Approved","Mon Sep 10 11:26:59 PDT 2018","Mon Sep 10 11:27:19 PDT 2018","Thu Sep 13 11:27:19 PDT 2018","Mon Sep 10 13:23:31 PDT 2018","","","20","100% (1/1)","100% (1/1)","100% (1/1)","United States","Female","10","4"
"37VE3DA4YUHL2L750U0ON0Z29YOBHW","36AMNITQIKA1FOYJGQG383K4D9UIG8","Super quick survey (<1 min) about clothing","Just a few questions about clothing that you own","survey, clothing","$0.02","Mon Sep 10 11:22:28 PDT 2018","102","BatchId:3366939;OriginalHitTemplateId:920937332;","3600","259200","Mon Sep 17 13:04:34 PDT 2018","","","3RXCAC0YIRPRNBCH3E3XZISOLMDG8S","ABUNJITP9FSUW","Approved","Mon Sep 10 11:25:43 PDT 2018","Mon Sep 10 11:26:02 PDT 2018","Thu Sep 13 11:26:02 PDT 2018","Mon Sep 10 13:23:31 PDT 2018","","","19","100% (1/1)","100% (1/1)","100% (1/1)","United States","Female","5","2"
"37VE3DA4YUHL2L750U0ON0Z29YOBHW","36AMNITQIKA1FOYJGQG383K4D9UIG8","Super quick survey (<1 min) about clothing","Just a few questions about clothing that you own","survey, clothing","$0.02","Mon Sep 10 11:22:28 PDT 2018","102","BatchId:3366939;OriginalHitTemplateId:920937332;","3600","259200","Mon Sep 17 13:04:34 PDT 2018","","","3SITXWYCNV9LBV5EV0NBE6IKWIUBXE","ACDWBEBOTM2JW","Approved","Mon Sep 10 11:27:56 PDT 2018","Mon Sep 10 11:28:11 PDT 2018","Thu Sep 13 11:28:11 PDT 2018","Mon Sep 10 13:23:31 PDT 2018","","","15","100% (1/1)","100% (1/1)","100% (1/1)","USA","Female","20","6"
"37VE3DA4YUHL2L750U0ON0Z29YOBHW","36AMNITQIKA1FOYJGQG383K4D9UIG8","Super quick survey (<1 min) about clothing","Just a few questions about clothing that you own","survey, clothing","$0.02","Mon Sep 10 11:22:28 PDT 2018","102","BatchId:3366939;OriginalHitTemplateId:920937332;","3600","259200","Mon Sep 17 13:04:34 PDT 2018","","","3SNLUL3WO4N570XVH81I82FLEURULS","AX8RDFKYAO9BX","Approved","Mon Sep 10 11:34:19 PDT 2018","Mon Sep 10 11:34:28 PDT 2018","Thu Sep 13 11:34:28 PDT 2018","Mon Sep 10 13:23:31 PDT 2018","","","9","100% (1/1)","100% (1/1)","100% (1/1)","United States","Male","9","5"
"37VE3DA4YUHL2L750U0ON0Z29YOBHW","36AMNITQIKA1FOYJGQG383K4D9UIG8","Super quick survey (<1 min) about clothing","Just a few questions about clothing that you own","survey, clothing","$0.02","Mon Sep 10 11:22:28 PDT 2018","102","BatchId:3366939;OriginalHitTemplateId:920937332;","3600","259200","Mon Sep 17 13:04:34 PDT 2018","","","3TAYZSBPLL8JR1JJIXODE5YONXF2SV","A38HSRG6HHS8FX","Approved","Mon Sep 10 11:23:02 PDT 2018","Mon Sep 10 11:23:26 PDT 2018","Thu Sep 13 11:23:26 PDT 2018","Mon Sep 10 13:23:31 PDT 2018","","","24","100% (1/1)","100% (1/1)","100% (1/1)","United States","Female","10","1"
"37VE3DA4YUHL2L750U0ON0Z29YOBHW","36AMNITQIKA1FOYJGQG383K4D9UIG8","Super quick survey (<1 min) about clothing","Just a few questions about clothing that you own","survey, clothing","$0.02","Mon Sep 10 11:22:28 PDT 2018","102","BatchId:3366939;OriginalHitTemplateId:920937332;","3600","259200","Mon Sep 17 13:04:34 PDT 2018","","","3TE3O8573087QMJ638O8OVTS1VW2R7","A1E235KE3CSO7H","Approved","Mon Sep 10 11:22:46 PDT 2018","Mon Sep 10 11:23:02 PDT 2018","Thu Sep 13 11:23:02 PDT 2018","Mon Sep 10 13:23:31 PDT 2018","","","16","100% (1/1)","100% (1/1)","100% (1/1)","United States","Female","12","3"
"37VE3DA4YUHL2L750U0ON0Z29YOBHW","36AMNITQIKA1FOYJGQG383K4D9UIG8","Super quick survey (<1 min) about clothing","Just a few questions about clothing that you own","survey, clothing","$0.02","Mon Sep 10 11:22:28 PDT 2018","102","BatchId:3366939;OriginalHitTemplateId:920937332;","3600","259200","Mon Sep 17 13:04:34 PDT 2018","","","3TOK3KHVJTIBFAOWHSOZQR5V1OY7OJ","AGXVXZ7HZ2IRT","Approved","Mon Sep 10 11:25:04 PDT 2018","Mon Sep 10 11:25:22 PDT 2018","Thu Sep 13 11:25:22 PDT 2018","Mon Sep 10 13:23:31 PDT 2018","","","18","100% (1/1)","100% (1/1)","100% (1/1)","United States","Female","13","1"
"37VE3DA4YUHL2L750U0ON0Z29YOBHW","36AMNITQIKA1FOYJGQG383K4D9UIG8","Super quick survey (<1 min) about clothing","Just a few questions about clothing that you own","survey, clothing","$0.02","Mon Sep 10 11:22:28 PDT 2018","102","BatchId:3366939;OriginalHitTemplateId:920937332;","3600","259200","Mon Sep 17 13:04:34 PDT 2018","","","3TYCR1GOTCJMTZR5NV0QPUU0GC6LZ8","A6YDORFZZXXPQ","Approved","Mon Sep 10 11:31:11 PDT 2018","Mon Sep 10 11:31:39 PDT 2018","Thu Sep 13 11:31:39 PDT 2018","Mon Sep 10 13:23:31 PDT 2018","","","28","100% (1/1)","100% (1/1)","100% (1/1)","USA","Male","10","5"
"37VE3DA4YUHL2L750U0ON0Z29YOBHW","36AMNITQIKA1FOYJGQG383K4D9UIG8","Super quick survey (<1 min) about clothing","Just a few questions about clothing that you own","survey, clothing","$0.02","Mon Sep 10 11:22:28 PDT 2018","102","BatchId:3366939;OriginalHitTemplateId:920937332;","3600","259200","Mon Sep 17 13:04:34 PDT 2018","","","3U0SRXB7CD53F88ZPRMSGJWQCQMNRI","AJ6F1AF8O5K7Z","Approved","Mon Sep 10 11:22:50 PDT 2018","Mon Sep 10 11:26:07 PDT 2018","Thu Sep 13 11:26:07 PDT 2018","Mon Sep 10 13:23:32 PDT 2018","","","197","100% (1/1)","100% (1/1)","100% (1/1)","USA","Male","5","2"
"37VE3DA4YUHL2L750U0ON0Z29YOBHW","36AMNITQIKA1FOYJGQG383K4D9UIG8","Super quick survey (<1 min) about clothing","Just a few questions about clothing that you own","survey, clothing","$0.02","Mon Sep 10 11:22:28 PDT 2018","102","BatchId:3366939;OriginalHitTemplateId:920937332;","3600","259200","Mon Sep 17 13:04:34 PDT 2018","","","3U84XHCDICDQVRKKH3193DSPUQB4ZY","A2P791EA88YGSV","Approved","Mon Sep 10 11:23:31 PDT 2018","Mon Sep 10 11:23:49 PDT 2018","Thu Sep 13 11:23:49 PDT 2018","Mon Sep 10 13:23:32 PDT 2018","","","18","100% (1/1)","100% (1/1)","100% (1/1)","United States","Female","9","3"
"37VE3DA4YUHL2L750U0ON0Z29YOBHW","36AMNITQIKA1FOYJGQG383K4D9UIG8","Super quick survey (<1 min) about clothing","Just a few questions about clothing that you own","survey, clothing","$0.02","Mon Sep 10 11:22:28 PDT 2018","102","BatchId:3366939;OriginalHitTemplateId:920937332;","3600","259200","Mon Sep 17 13:04:34 PDT 2018","","","3UOUJI6MTDE07UEKVR46JWA8L30XUG","A31ZMKF1XY6SFF","Approved","Mon Sep 10 11:26:04 PDT 2018","Mon Sep 10 11:26:19 PDT 2018","Thu Sep 13 11:26:19 PDT 2018","Mon Sep 10 13:23:32 PDT 2018","","","15","100% (1/1)","100% (1/1)","100% (1/1)","united states","Male","5","2"
"37VE3DA4YUHL2L750U0ON0Z29YOBHW","36AMNITQIKA1FOYJGQG383K4D9UIG8","Super quick survey (<1 min) about clothing","Just a few questions about clothing that you own","survey, clothing","$0.02","Mon Sep 10 11:22:28 PDT 2018","102","BatchId:3366939;OriginalHitTemplateId:920937332;","3600","259200","Mon Sep 17 13:04:34 PDT 2018","","","3UXUOQ9OKEXMD6UV79JHPWLQC7UA7N","A2ZDQ7YVKJUV8E","Approved","Mon Sep 10 11:25:46 PDT 2018","Mon Sep 10 11:25:56 PDT 2018","Thu Sep 13 11:25:56 PDT 2018","Mon Sep 10 13:23:32 PDT 2018","","","10","100% (1/1)","100% (1/1)","100% (1/1)","UK","Male","6","1"
"37VE3DA4YUHL2L750U0ON0Z29YOBHW","36AMNITQIKA1FOYJGQG383K4D9UIG8","Super quick survey (<1 min) about clothing","Just a few questions about clothing that you own","survey, clothing","$0.02","Mon Sep 10 11:22:28 PDT 2018","102","BatchId:3366939;OriginalHitTemplateId:920937332;","3600","259200","Mon Sep 17 13:04:34 PDT 2018","","","3VA45EW49NNX4O9USC7QPHEIY2Y1OG","A3H9XHNUS12SSA","Approved","Mon Sep 10 11:28:00 PDT 2018","Mon Sep 10 11:28:28 PDT 2018","Thu Sep 13 11:28:28 PDT 2018","Mon Sep 10 13:23:32 PDT 2018","","","28","100% (1/1)","100% (1/1)","100% (1/1)","United States","Female","6","2"
"37VE3DA4YUHL2L750U0ON0Z29YOBHW","36AMNITQIKA1FOYJGQG383K4D9UIG8","Super quick survey (<1 min) about clothing","Just a few questions about clothing that you own","survey, clothing","$0.02","Mon Sep 10 11:22:28 PDT 2018","102","BatchId:3366939;OriginalHitTemplateId:920937332;","3600","259200","Mon Sep 17 13:04:34 PDT 2018","","","3VD82FOHKQOHRRJS89WA6DX92ZPCOH","A2TGKJE4NHFAHM","Approved","Mon Sep 10 11:32:56 PDT 2018","Mon Sep 10 11:33:14 PDT 2018","Thu Sep 13 11:33:14 PDT 2018","Mon Sep 10 13:23:32 PDT 2018","","","18","100% (1/1)","100% (1/1)","100% (1/1)","United States","Female","10","2"
"37VE3DA4YUHL2L750U0ON0Z29YOBHW","36AMNITQIKA1FOYJGQG383K4D9UIG8","Super quick survey (<1 min) about clothing","Just a few questions about clothing that you own","survey, clothing","$0.02","Mon Sep 10 11:22:28 PDT 2018","102","BatchId:3366939;OriginalHitTemplateId:920937332;","3600","259200","Mon Sep 17 13:04:34 PDT 2018","","","3VE8AYVF8MXL9BGMSUXFHXSCK7D8FL","A2RRHPSJWH5GD1","Approved","Mon Sep 10 11:27:19 PDT 2018","Mon Sep 10 11:27:40 PDT 2018","Thu Sep 13 11:27:40 PDT 2018","Mon Sep 10 13:23:32 PDT 2018","","","21","100% (1/1)","100% (1/1)","100% (1/1)","USA","Female","10","3"
"37VE3DA4YUHL2L750U0ON0Z29YOBHW","36AMNITQIKA1FOYJGQG383K4D9UIG8","Super quick survey (<1 min) about clothing","Just a few questions about clothing that you own","survey, clothing","$0.02","Mon Sep 10 11:22:28 PDT 2018","102","BatchId:3366939;OriginalHitTemplateId:920937332;","3600","259200","Mon Sep 17 13:04:34 PDT 2018","","","3VHP9MDGRNKNLE6Z96DKJJOVAYYCFV","A23UAKH8RLNPIY","Approved","Mon Sep 10 11:30:26 PDT 2018","Mon Sep 10 11:31:28 PDT 2018","Thu Sep 13 11:31:28 PDT 2018","Mon Sep 10 13:23:32 PDT 2018","","","62","100% (1/1)","100% (1/1)","100% (1/1)","United States","Female","6","2"
"37VE3DA4YUHL2L750U0ON0Z29YOBHW","36AMNITQIKA1FOYJGQG383K4D9UIG8","Super quick survey (<1 min) about clothing","Just a few questions about clothing that you own","survey, clothing","$0.02","Mon Sep 10 11:22:28 PDT 2018","102","BatchId:3366939;OriginalHitTemplateId:920937332;","3600","259200","Mon Sep 17 13:04:34 PDT 2018","","","3VNL7UK1XFJ47V8AVS8A8TOZYKYFTH","AUZBKS5UI3MXB","Approved","Mon Sep 10 11:25:26 PDT 2018","Mon Sep 10 11:25:40 PDT 2018","Thu Sep 13 11:25:40 PDT 2018","Mon Sep 10 13:23:32 PDT 2018","","","14","100% (1/1)","100% (1/1)","100% (1/1)","USA","Male","4","2"
"37VE3DA4YUHL2L750U0ON0Z29YOBHW","36AMNITQIKA1FOYJGQG383K4D9UIG8","Super quick survey (<1 min) about clothing","Just a few questions about clothing that you own","survey, clothing","$0.02","Mon Sep 10 11:22:28 PDT 2018","102","BatchId:3366939;OriginalHitTemplateId:920937332;","3600","259200","Mon Sep 17 13:04:34 PDT 2018","","","3VW04L3ZLT6SOY8F0WFT339CFLHXX8","A2D0V7HDG9LVKP","Approved","Mon Sep 10 11:26:44 PDT 2018","Mon Sep 10 11:27:25 PDT 2018","Thu Sep 13 11:27:25 PDT 2018","Mon Sep 10 13:23:33 PDT 2018","","","41","100% (1/1)","100% (1/1)","100% (1/1)","United States","Male","6","2"
"37VE3DA4YUHL2L750U0ON0Z29YOBHW","36AMNITQIKA1FOYJGQG383K4D9UIG8","Super quick survey (<1 min) about clothing","Just a few questions about clothing that you own","survey, clothing","$0.02","Mon Sep 10 11:22:28 PDT 2018","102","BatchId:3366939;OriginalHitTemplateId:920937332;","3600","259200","Mon Sep 17 13:04:34 PDT 2018","","","3WMINLGALB3SPNPRYQRS5ID4DILACG","AMQOY20HZIZCE","Approved","Mon Sep 10 11:25:18 PDT 2018","Mon Sep 10 11:25:42 PDT 2018","Thu Sep 13 11:25:42 PDT 2018","Mon Sep 10 13:23:33 PDT 2018","","","24","100% (1/1)","100% (1/1)","100% (1/1)","uk","Male","3","1"
"37VE3DA4YUHL2L750U0ON0Z29YOBHW","36AMNITQIKA1FOYJGQG383K4D9UIG8","Super quick survey (<1 min) about clothing","Just a few questions about clothing that you own","survey, clothing","$0.02","Mon Sep 10 11:22:28 PDT 2018","102","BatchId:3366939;OriginalHitTemplateId:920937332;","3600","259200","Mon Sep 17 13:04:34 PDT 2018","","","3WMOAN2SRBXV8FPGYBR2HGLTXWZNVB","A12MSYRHI3XWDT","Approved","Mon Sep 10 11:23:11 PDT 2018","Mon Sep 10 11:23:35 PDT 2018","Thu Sep 13 11:23:35 PDT 2018","Mon Sep 10 13:23:33 PDT 2018","","","24","100% (1/1)","100% (1/1)","100% (1/1)","USA","Male","6","2"
"37VE3DA4YUHL2L750U0ON0Z29YOBHW","36AMNITQIKA1FOYJGQG383K4D9UIG8","Super quick survey (<1 min) about clothing","Just a few questions about clothing that you own","survey, clothing","$0.02","Mon Sep 10 11:22:28 PDT 2018","102","BatchId:3366939;OriginalHitTemplateId:920937332;","3600","259200","Mon Sep 17 13:04:34 PDT 2018","","","3WMOAN2SRBXV8FPGYBR2HGLTXWZVNJ","A3F9N2P4NUUR7S","Approved","Mon Sep 10 11:22:54 PDT 2018","Mon Sep 10 11:23:19 PDT 2018","Thu Sep 13 11:23:19 PDT 2018","Mon Sep 10 13:23:33 PDT 2018","","","25","100% (1/1)","100% (1/1)","100% (1/1)","India","Female","3","1"
"37VE3DA4YUHL2L750U0ON0Z29YOBHW","36AMNITQIKA1FOYJGQG383K4D9UIG8","Super quick survey (<1 min) about clothing","Just a few questions about clothing that you own","survey, clothing","$0.02","Mon Sep 10 11:22:28 PDT 2018","102","BatchId:3366939;OriginalHitTemplateId:920937332;","3600","259200","Mon Sep 17 13:04:34 PDT 2018","","","3YDGXNSEOZUBBVJX8D1WQTVLVH484X","A1L7TGTD9T6Z1S","Approved","Mon Sep 10 11:26:55 PDT 2018","Mon Sep 10 11:27:20 PDT 2018","Thu Sep 13 11:27:20 PDT 2018","Mon Sep 10 13:23:33 PDT 2018","","","25","100% (1/1)","100% (1/1)","100% (1/1)","United States","Female","10","3"
"37VE3DA4YUHL2L750U0ON0Z29YOBHW","36AMNITQIKA1FOYJGQG383K4D9UIG8","Super quick survey (<1 min) about clothing","Just a few questions about clothing that you own","survey, clothing","$0.02","Mon Sep 10 11:22:28 PDT 2018","102","BatchId:3366939;OriginalHitTemplateId:920937332;","3600","259200","Mon Sep 17 13:04:34 PDT 2018","","","3YMTUJH0DSGU9FBLBBCRHPR89UOT46","A1OLT0BTK436DB","Approved","Mon Sep 10 11:24:11 PDT 2018","Mon Sep 10 11:24:35 PDT 2018","Thu Sep 13 11:24:35 PDT 2018","Mon Sep 10 13:23:33 PDT 2018","","","24","100% (1/1)","100% (1/1)","100% (1/1)","United States","Female","21","5"
"37VE3DA4YUHL2L750U0ON0Z29YOBHW","36AMNITQIKA1FOYJGQG383K4D9UIG8","Super quick survey (<1 min) about clothing","Just a few questions about clothing that you own","survey, clothing","$0.02","Mon Sep 10 11:22:28 PDT 2018","102","BatchId:3366939;OriginalHitTemplateId:920937332;","3600","259200","Mon Sep 17 13:04:34 PDT 2018","","","3YOH7BII097U094D1YZMPO4P31UVKE","A1YAHGRFVDZ4X8","Approved","Mon Sep 10 11:22:41 PDT 2018","Mon Sep 10 11:27:29 PDT 2018","Thu Sep 13 11:27:29 PDT 2018","Mon Sep 10 13:23:34 PDT 2018","","","288","100% (1/1)","100% (1/1)","100% (1/1)","United States","Male","2","1"
"37VE3DA4YUHL2L750U0ON0Z29YOBHW","36AMNITQIKA1FOYJGQG383K4D9UIG8","Super quick survey (<1 min) about clothing","Just a few questions about clothing that you own","survey, clothing","$0.02","Mon Sep 10 11:22:28 PDT 2018","102","BatchId:3366939;OriginalHitTemplateId:920937332;","3600","259200","Mon Sep 17 13:04:34 PDT 2018","","","3YT88D1N08YAO02UHOTG6TC6CH23KQ","A30KMYNZB3WUYE","Approved","Mon Sep 10 11:25:26 PDT 2018","Mon Sep 10 11:26:27 PDT 2018","Thu Sep 13 11:26:27 PDT 2018","Mon Sep 10 13:23:34 PDT 2018","","","61","100% (1/1)","100% (1/1)","100% (1/1)","United States","Female","70","15"
"37VE3DA4YUHL2L750U0ON0Z29YOBHW","36AMNITQIKA1FOYJGQG383K4D9UIG8","Super quick survey (<1 min) about clothing","Just a few questions about clothing that you own","survey, clothing","$0.02","Mon Sep 10 11:22:28 PDT 2018","102","BatchId:3366939;OriginalHitTemplateId:920937332;","3600","259200","Mon Sep 17 13:04:34 PDT 2018","","","3YZ8UPK3VTMC4W3P4V8J5JPYKLDUCC","A2XCJGHKDAMWV2","Approved","Mon Sep 10 11:31:45 PDT 2018","Mon Sep 10 11:32:16 PDT 2018","Thu Sep 13 11:32:16 PDT 2018","Mon Sep 10 13:23:35 PDT 2018","","","31","100% (1/1)","100% (1/1)","100% (1/1)","US","Male","10","3"
